Date,Country,product_variation_count,total_items_sold,total_orders,daily_sales_volume,promotional_banner_count
2010-12-01,Australia,14,107,1,358.25,4
2010-12-01,EIRE,21,243,2,555.38,5
2010-12-01,France,20,449,1,855.86,3
2010-12-01,Germany,15,157,1,261.48,5
2010-12-01,Netherlands,2,97,1,192.60000000000002,5
2010-12-01,Norway,73,1852,1,1919.1399999999999,2
2010-12-01,United Kingdom,1315,24014,120,54818.08,3
2010-12-02,EIRE,1,6,1,22.5,3
2010-12-02,Germany,11,148,1,155.35,3
2010-12-02,United Kingdom,922,31175,140,47570.53,5
2010-12-03,Belgium,12,528,1,346.1,4
2010-12-03,EIRE,84,2575,3,2576.85,3
2010-12-03,France,22,239,2,425.38,5
2010-12-03,Germany,19,170,3,555.53,2
2010-12-03,Italy,24,164,1,427.8,4
2010-12-03,Poland,8,140,1,248.16,2
2010-12-03,Portugal,7,65,1,131.8,4
2010-12-03,Spain,5,400,1,620.0,5
2010-12-03,Switzerland,6,110,1,303.4,1
2010-12-03,United Kingdom,1087,11808,54,41308.69,4
2010-12-05,France,63,611,1,1526.92,2
2010-12-05,Germany,106,1361,4,2476.69,5
2010-12-05,Japan,16,196,1,320.08,4
2010-12-05,Lithuania,28,622,3,1598.06,1
2010-12-05,United Kingdom,1079,13660,79,25853.2,1
2010-12-06,EIRE,34,614,3,1182.5,3
2010-12-06,Germany,14,89,1,196.44,3
2010-12-06,Portugal,7,53,1,129.4,2
2010-12-06,United Kingdom,1465,21039,97,53322.12,4
2010-12-07,France,60,752,2,1448.98,4
2010-12-07,Germany,17,155,1,596.8,3
2010-12-07,Iceland,31,319,1,711.79,4
2010-12-07,United Kingdom,1257,23994,80,96860.63,4
2010-12-08,Australia,8,214,1,258.9,1
2010-12-08,France,11,121,1,173.55,3
2010-12-08,Germany,7,139,1,522.7,5
2010-12-08,Lithuania,1,30,1,63.0,3
2010-12-08,Norway,74,1730,1,1867.98,5
2010-12-08,Portugal,53,424,1,1149.29,1
2010-12-08,United Kingdom,1174,20459,110,41354.56,2
2010-12-09,Channel Islands,17,80,1,363.53,4
2010-12-09,Denmark,20,454,1,1281.5,1
2010-12-09,EIRE,32,287,1,945.55,4
2010-12-09,France,82,1017,4,1859.73,2
2010-12-09,Germany,32,396,3,919.09,2
2010-12-09,Japan,1,1488,1,3794.3999999999996,1
2010-12-09,Portugal,13,118,1,254.03,2
2010-12-09,Spain,40,67,1,174.72,5
2010-12-09,United Kingdom,1206,16023,94,43993.63,2
2010-12-10,EIRE,51,379,1,1156.05,4
2010-12-10,France,16,418,1,1071.9,4
2010-12-10,Germany,47,1096,2,2360.41,4
2010-12-10,Portugal,14,131,1,311.95,4
2010-12-10,United Kingdom,1237,19073,72,54282.61,5
2010-12-12,Japan,48,2409,1,3590.59,3
2010-12-12,United Kingdom,766,8194,43,13738.48,1
2010-12-13,Germany,2,2,1,12.45,4
2010-12-13,Spain,20,300,1,881.01,2
2010-12-13,United Kingdom,1163,17425,68,37113.25,4
2010-12-14,Cyprus,82,917,1,1590.82,2
2010-12-14,Sweden,1,240,1,1188.0,2
2010-12-14,United Kingdom,973,19127,88,42475.91,4
2010-12-15,France,67,134,1,195.89,5
2010-12-15,United Kingdom,716,18359,73,30248.73,2
2010-12-16,EIRE,18,358,1,707.0600000000001,2
2010-12-16,Finland,13,1254,1,892.8,4
2010-12-16,France,1,3,1,4.949999999999999,2
2010-12-16,United Kingdom,911,28328,118,47748.090000000004,2
2010-12-17,Australia,9,146,1,415.7,4
2010-12-17,Austria,8,51,1,277.2,4
2010-12-17,Belgium,28,285,2,625.16,1
2010-12-17,EIRE,60,701,2,1424.12,5
2010-12-17,France,10,398,2,350.28000000000003,5
2010-12-17,Germany,93,1658,8,4690.82,2
2010-12-17,Portugal,22,193,1,463.5,5
2010-12-17,Spain,10,100,1,168.0,2
2010-12-17,Sweden,25,3714,1,2646.2999999999997,1
2010-12-17,United Kingdom,1304,9701,47,34357.25,4
2010-12-19,EIRE,18,155,1,411.1,4
2010-12-19,Germany,24,337,1,469.87,4
2010-12-19,United Kingdom,359,3307,21,6653.94,5
2010-12-20,Bahrain,1,54,1,205.74,1
2010-12-20,France,60,733,2,1371.19,5
2010-12-20,Germany,12,234,1,631.96,5
2010-12-20,Netherlands,16,46,1,70.96000000000001,1
2010-12-20,Switzerland,43,604,1,1001.52,1
2010-12-20,United Kingdom,883,13269,55,23507.76,1
2010-12-21,Belgium,16,188,1,237.93,1
2010-12-21,EIRE,28,344,1,762.3000000000001,4
2010-12-21,France,5,26,2,221.28,3
2010-12-21,Italy,16,131,1,383.7,3
2010-12-21,Netherlands,54,6668,1,8520.92,1
2010-12-21,United Kingdom,768,8256,49,37177.96,3
2010-12-22,Belgium,37,754,1,600.72,3
2010-12-22,France,4,88,1,110.39999999999999,1
2010-12-22,United Kingdom,156,2238,15,5488.85,3
2010-12-23,EIRE,15,108,1,289.85,5
2010-12-23,Germany,73,935,2,1391.55,2
2010-12-23,United Kingdom,724,4711,24,10394.71,2
2011-01-04,Sweden,13,293,1,547.56,1
2011-01-04,United Kingdom,814,8346,35,15478.52,4
2011-01-05,France,65,735,2,1391.18,1
2011-01-05,United Kingdom,962,19036,53,31243.29,4
2011-01-06,Australia,48,4802,2,7154.38,2
2011-01-06,France,44,443,2,799.02,1
2011-01-06,United Kingdom,963,17883,46,32429.45,5
2011-01-07,France,34,596,2,1065.09,3
2011-01-07,Germany,194,2658,4,3976.13,4
2011-01-07,Spain,98,630,1,1138.67,3
2011-01-07,United Kingdom,896,13276,46,22656.7,3
2011-01-09,EIRE,13,85,1,258.0,1
2011-01-09,France,9,78,1,114.0,3
2011-01-09,Portugal,51,641,2,1100.16,5
2011-01-09,United Kingdom,602,7398,44,14306.04,3
2011-01-10,Australia,1,96,1,81.6,1
2011-01-10,France,50,635,1,1238.06,5
2011-01-10,Germany,20,635,2,682.33,2
2011-01-10,Israel,14,100,1,379.84000000000003,3
2011-01-10,Spain,93,643,1,1715.85,1
2011-01-10,United Kingdom,1024,10759,33,20471.39,2
2011-01-11,Australia,19,238,1,462.5,2
2011-01-11,France,27,988,4,1512.6399999999999,4
2011-01-11,Germany,9,87,1,144.26,5
2011-01-11,Spain,35,1483,2,4564.3,3
2011-01-11,United Kingdom,913,25652,50,61971.89,1
2011-01-12,Belgium,31,590,1,651.16,4
2011-01-12,Cyprus,16,144,1,547.5,5
2011-01-12,France,59,682,3,1415.6299999999999,4
2011-01-12,Germany,11,97,1,250.65,5
2011-01-12,United Kingdom,1034,9109,39,21828.84,5
2011-01-13,Germany,7,100,1,753.4499999999999,3
2011-01-13,Italy,70,748,1,1608.66,5
2011-01-13,United Kingdom,913,9326,42,18262.53,4
2011-01-14,Australia,3,60,1,177.00000000000003,5
2011-01-14,EIRE,41,6198,1,16774.72,3
2011-01-14,France,82,1072,3,1790.43,3
2011-01-14,Germany,28,248,3,534.02,4
2011-01-14,Netherlands,79,8210,1,10389.06,2
2011-01-14,United Kingdom,818,7361,38,17911.67,2
2011-01-16,United Kingdom,422,4204,25,7242.06,5
2011-01-17,Australia,19,204,1,431.3,1
2011-01-17,France,21,268,1,732.14,5
2011-01-17,Germany,75,583,2,1316.9,4
2011-01-17,Poland,25,288,1,613.22,4
2011-01-17,United Kingdom,1154,12054,46,26239.46,4
2011-01-18,EIRE,10,287,1,465.58,4
2011-01-18,Germany,10,113,1,132.52,4
2011-01-18,Portugal,36,1216,1,2271.62,3
2011-01-18,Spain,29,294,1,681.05,2
2011-01-18,United Kingdom,848,81068,37,92427.28000000001,4
2011-01-19,Australia,13,113,1,238.5,1
2011-01-19,France,31,386,1,752.75,1
2011-01-19,Germany,3,37,1,63.0,1
2011-01-19,Netherlands,33,6072,1,7722.04,1
2011-01-19,Spain,23,48,1,112.92,3
2011-01-19,Switzerland,114,2653,2,3604.63,1
2011-01-19,United Kingdom,870,8078,28,13440.73,4
2011-01-20,Australia,4,21,1,87.75,5
2011-01-20,Belgium,11,94,1,225.6,1
2011-01-20,EIRE,21,1332,1,2756.84,3
2011-01-20,France,72,708,1,1516.68,3
2011-01-20,Netherlands,2,288,1,305.28000000000003,1
2011-01-20,United Kingdom,910,8046,34,16354.84,5
2011-01-21,Finland,5,164,1,661.58,1
2011-01-21,Italy,12,145,1,341.0,3
2011-01-21,Netherlands,106,5730,1,8060.3,2
2011-01-21,United Kingdom,920,9266,36,23577.42,4
2011-01-23,France,12,126,1,514.5,3
2011-01-23,United Kingdom,560,5115,26,9885.75,1
2011-01-24,EIRE,15,47,1,282.44,4
2011-01-24,France,9,84,1,190.2,1
2011-01-24,Germany,77,1203,3,2364.78,1
2011-01-24,Greece,32,526,1,2661.24,2
2011-01-24,Hong Kong,47,1121,1,2439.76,4
2011-01-24,Spain,11,104,1,157.45,4
2011-01-24,United Kingdom,763,8944,45,17637.92,2
2011-01-25,Belgium,16,108,1,323.44,3
2011-01-25,Finland,6,601,1,227.44,1
2011-01-25,France,1,2,1,36.0,5
2011-01-25,Germany,76,1145,3,2416.84,1
2011-01-25,Singapore,56,1091,1,2053.07,1
2011-01-25,United Kingdom,821,12667,60,24020.68,3
2011-01-26,EIRE,52,690,1,802.56,1
2011-01-26,Germany,62,692,2,1175.76,2
2011-01-26,Iceland,29,315,1,475.39,2
2011-01-26,Italy,26,228,1,452.84999999999997,4
2011-01-26,Portugal,30,237,1,683.9300000000001,5
2011-01-26,United Kingdom,676,8806,50,16331.8,1
2011-01-27,Channel Islands,30,259,1,675.58,1
2011-01-27,EIRE,21,155,1,564.05,3
2011-01-27,Germany,31,410,3,767.99,2
2011-01-27,Lebanon,45,386,1,1693.88,5
2011-01-27,Spain,93,643,1,1715.85,4
2011-01-27,United Kingdom,760,9461,45,18313.49,2
2011-01-28,Australia,20,110,1,384.68,4
2011-01-28,France,47,574,3,1079.83,3
2011-01-28,Sweden,21,2804,1,2938.7599999999998,3
2011-01-28,Switzerland,34,340,1,626.6,1
2011-01-28,United Kingdom,522,6024,34,15060.78,5
2011-01-30,United Kingdom,483,3431,24,6615.75,4
2011-01-31,France,62,1822,2,3591.9700000000003,2
2011-01-31,Germany,106,1069,4,2332.21,3
2011-01-31,Netherlands,9,117,1,134.48,1
2011-01-31,United Kingdom,762,10407,55,17581.7,1
2011-02-01,Austria,14,197,1,364.6,4
2011-02-01,EIRE,45,463,1,797.77,3
2011-02-01,France,19,200,1,510.84999999999997,5
2011-02-01,Germany,11,61,1,314.15000000000003,3
2011-02-01,Netherlands,12,113,1,214.45,4
2011-02-01,Spain,12,193,1,288.98,4
2011-02-01,Sweden,12,250,1,509.5,3
2011-02-01,United Kingdom,800,14357,56,26034.69,4
2011-02-02,Austria,7,145,1,153.76,3
2011-02-02,EIRE,1,4,1,15.0,2
2011-02-02,France,28,368,2,641.39,3
2011-02-02,Germany,1,36,1,75.60000000000001,3
2011-02-02,Norway,17,197,1,334.4,4
2011-02-02,United Kingdom,776,8979,57,19996.05,4
2011-02-03,Belgium,6,21,1,213.89999999999998,1
2011-02-03,EIRE,40,270,1,788.06,1
2011-02-03,Germany,41,469,3,1712.04,2
2011-02-03,Spain,31,171,1,617.25,1
2011-02-03,United Kingdom,538,14788,40,20148.58,3
2011-02-04,EIRE,13,75,1,229.6,4
2011-02-04,France,63,617,1,1236.73,1
2011-02-04,Japan,37,37,1,45.57,1
2011-02-04,Poland,9,98,1,337.2,2
2011-02-04,Switzerland,26,211,2,693.3299999999999,2
2011-02-04,United Kingdom,658,11667,46,22619.76,3
2011-02-06,United Kingdom,220,2048,11,3457.11,4
2011-02-07,Australia,7,79,3,259.95,2
2011-02-07,Cyprus,90,494,2,1993.96,1
2011-02-07,United Kingdom,760,8570,37,23701.1,4
2011-02-08,France,14,216,1,201.86,4
2011-02-08,Netherlands,14,1126,1,1306.28,1
2011-02-08,Poland,19,199,1,266.85,2
2011-02-08,United Kingdom,737,8588,42,19174.93,1
2011-02-09,Belgium,5,11,1,84.3,4
2011-02-09,France,27,301,1,455.02,5
2011-02-09,Germany,13,160,1,168.9,5
2011-02-09,Japan,48,2962,1,5735.24,3
2011-02-09,Spain,40,287,1,762.11,1
2011-02-09,United Kingdom,531,3444,24,9487.01,1
2011-02-10,France,13,454,1,321.56,3
2011-02-10,Germany,22,228,2,351.95,3
2011-02-10,United Kingdom,486,11211,38,14222.95,3
2011-02-11,Belgium,14,262,1,231.51,4
2011-02-11,Germany,52,639,1,2355.9500000000003,1
2011-02-11,United Kingdom,582,9623,43,20285.64,4
2011-02-13,United Kingdom,425,2756,20,5713.63,3
2011-02-14,EIRE,108,1502,2,3120.71,1
2011-02-14,Germany,36,459,2,802.49,4
2011-02-14,Spain,13,219,1,446.16,4
2011-02-14,United Arab Emirates,30,496,1,889.24,3
2011-02-14,United Kingdom,635,10919,36,21444.91,1
2011-02-15,Australia,69,8384,1,14022.92,3
2011-02-15,Channel Islands,10,935,1,1784.71,1
2011-02-15,EIRE,129,2402,2,4362.5,5
2011-02-15,France,11,98,1,255.6,2
2011-02-15,United Kingdom,720,10875,53,19450.01,2
2011-02-16,Cyprus,41,1522,1,1683.9,2
2011-02-16,Denmark,20,224,1,399.22,3
2011-02-16,France,48,777,1,919.66,5
2011-02-16,Israel,16,286,1,779.1,1
2011-02-16,Norway,15,98,1,296.5,4
2011-02-16,United Kingdom,626,13249,58,20870.72,1
2011-02-17,Belgium,62,508,2,1119.2,4
2011-02-17,Cyprus,1,1,1,15.0,1
2011-02-17,EIRE,14,87,1,281.12,5
2011-02-17,France,16,116,1,250.0,4
2011-02-17,Germany,15,380,2,540.58,3
2011-02-17,United Kingdom,844,13336,61,24166.77,1
2011-02-18,EIRE,10,61,1,162.7,1
2011-02-18,France,54,768,2,974.6,4
2011-02-18,Germany,5,108,1,152.4,3
2011-02-18,Italy,13,111,1,256.0,3
2011-02-18,United Kingdom,537,8133,34,14663.05,5
2011-02-20,United Kingdom,593,5353,26,9624.69,3
2011-02-21,Belgium,15,194,1,192.31,3
2011-02-21,Cyprus,22,174,2,641.38,3
2011-02-21,EIRE,46,472,2,1011.08,2
2011-02-21,France,40,334,2,746.82,5
2011-02-21,Germany,33,791,2,1418.29,1
2011-02-21,Netherlands,118,12208,2,18279.48,4
2011-02-21,Portugal,43,454,1,973.6500000000001,1
2011-02-21,United Kingdom,707,6962,26,13125.74,5
2011-02-22,Netherlands,44,2940,1,3211.7,4
2011-02-22,United Kingdom,884,18962,51,29286.65,5
2011-02-23,EIRE,15,668,1,1480.2,3
2011-02-23,France,21,362,2,439.76,4
2011-02-23,Germany,14,201,1,388.3,3
2011-02-23,United Kingdom,847,12536,59,24583.34,1
2011-02-24,Finland,12,141,1,205.16,1
2011-02-24,Saudi Arabia,9,80,1,145.92,4
2011-02-24,Switzerland,52,560,1,1340.32,4
2011-02-24,United Kingdom,749,11115,52,21118.44,5
2011-02-25,Belgium,10,91,1,189.9,5
2011-02-25,Germany,43,713,2,1300.4,3
2011-02-25,Switzerland,4,66,1,179.35,4
2011-02-25,United Kingdom,574,9703,45,18926.09,1
2011-02-27,Australia,10,217,1,412.55,5
2011-02-27,France,5,71,1,110.6,5
2011-02-27,United Kingdom,555,4582,31,9003.35,1
2011-02-28,Belgium,3,15,1,149.95,5
2011-02-28,Czech Republic,15,346,1,549.26,3
2011-02-28,France,54,658,4,1451.51,4
2011-02-28,Portugal,14,104,1,240.25,1
2011-02-28,Switzerland,19,270,1,441.92,4
2011-02-28,United Kingdom,880,8513,49,18922.74,5
2011-03-01,Belgium,26,171,1,559.12,5
2011-03-01,EIRE,6,669,1,2541.15,1
2011-03-01,Finland,194,2127,3,4969.22,3
2011-03-01,France,56,580,2,1146.26,2
2011-03-01,Germany,14,384,1,762.5,1
2011-03-01,Norway,6,29,2,984.6500000000001,2
2011-03-01,United Kingdom,680,8185,52,15392.06,2
2011-03-02,Channel Islands,39,459,1,828.84,3
2011-03-02,Japan,1,6,1,15.299999999999999,2
2011-03-02,United Kingdom,527,8152,41,17846.65,2
2011-03-03,Australia,82,10272,1,16726.84,3
2011-03-03,Austria,4,53,1,166.04,2
2011-03-03,Belgium,19,126,1,410.0,2
2011-03-03,France,29,342,2,573.16,2
2011-03-03,Germany,27,536,2,725.28,1
2011-03-03,United Kingdom,727,8798,42,17802.68,1
2011-03-04,EIRE,70,857,2,1185.49,1
2011-03-04,France,16,125,1,317.25,3
2011-03-04,Greece,22,289,1,387.31,5
2011-03-04,Italy,18,84,1,463.63,2
2011-03-04,Japan,3,3,1,17.549999999999997,2
2011-03-04,Spain,22,397,2,471.8,3
2011-03-04,United Kingdom,663,11817,41,16663.77,2
2011-03-06,United Kingdom,510,5049,27,10005.37,1
2011-03-07,Germany,46,358,3,817.56,5
2011-03-07,Japan,12,12,1,16.05,4
2011-03-07,United Kingdom,1027,13660,64,31522.94,2
2011-03-08,Germany,44,437,3,884.63,1
2011-03-08,Portugal,56,1109,1,1570.19,4
2011-03-08,United Kingdom,853,13021,44,22626.8,5
2011-03-09,Australia,10,90,1,210.9,4
2011-03-09,Channel Islands,81,944,1,1576.3600000000001,1
2011-03-09,Netherlands,27,277,1,444.8,4
2011-03-09,Switzerland,4,314,1,439.28,3
2011-03-09,United Kingdom,719,10293,49,19367.5,4
2011-03-10,Channel Islands,62,701,1,1104.13,2
2011-03-10,Cyprus,48,1005,1,938.39,2
2011-03-10,EIRE,63,3416,4,6162.0199999999995,3
2011-03-10,Sweden,1,144,1,122.39999999999999,1
2011-03-10,United Kingdom,570,10318,50,17793.28,2
2011-03-11,EIRE,1,2,2,3374.34,5
2011-03-11,France,20,325,1,712.8499999999999,2
2011-03-11,Germany,60,618,1,987.42,2
2011-03-11,United Kingdom,561,9577,49,20400.57,1
2011-03-13,France,18,185,1,343.29,4
2011-03-13,United Kingdom,408,2564,15,3804.83,2
2011-03-14,Belgium,15,91,1,357.07,3
2011-03-14,Canada,10,88,1,140.54,4
2011-03-14,EIRE,99,936,3,1825.25,5
2011-03-14,France,21,187,1,479.40000000000003,1
2011-03-14,Netherlands,8,152,1,117.92999999999999,5
2011-03-14,Sweden,27,5156,1,4400.28,4
2011-03-14,United Kingdom,594,10155,42,18699.08,4
2011-03-15,EIRE,95,1174,3,3389.6,4
2011-03-15,France,29,317,1,565.54,5
2011-03-15,Hong Kong,1,1,1,2583.76,4
2011-03-15,Poland,9,162,1,317.78,5
2011-03-15,United Kingdom,665,7306,46,16636.81,4
2011-03-16,France,16,160,2,262.8,3
2011-03-16,Germany,11,50,1,300.7,4
2011-03-16,Spain,58,405,2,1218.95,5
2011-03-16,United Kingdom,540,12332,47,20165.91,2
2011-03-17,Denmark,19,879,1,3978.9900000000002,4
2011-03-17,EIRE,25,417,1,381.78,2
2011-03-17,Germany,56,763,2,1363.2,3
2011-03-17,Italy,51,440,1,1017.68,1
2011-03-17,Norway,7,63,1,120.33,3
2011-03-17,United Kingdom,1014,18440,56,33042.96,4
2011-03-18,EIRE,44,265,1,743.71,2
2011-03-18,Germany,67,1252,5,2390.93,2
2011-03-18,United Kingdom,718,12465,58,25037.15,5
2011-03-20,Belgium,15,215,1,226.3,2
2011-03-20,EIRE,11,73,1,197.8,5
2011-03-20,Finland,10,63,1,409.2,1
2011-03-20,France,15,423,1,316.02,4
2011-03-20,Germany,13,114,2,363.93,5
2011-03-20,United Kingdom,835,13307,54,20640.24,1
2011-03-21,Belgium,20,139,1,347.35,2
2011-03-21,France,42,90,2,205.87,2
2011-03-21,United Kingdom,609,10082,50,16162.3,1
2011-03-22,France,31,201,1,523.98,2
2011-03-22,Germany,72,976,3,1319.98,1
2011-03-22,Netherlands,12,170,1,235.71,5
2011-03-22,Norway,8,64,1,160.33,5
2011-03-22,Spain,44,335,1,1085.99,1
2011-03-22,United Kingdom,1110,14821,46,28189.59,5
2011-03-23,Austria,14,929,1,1542.08,5
2011-03-23,Belgium,29,685,2,614.55,5
2011-03-23,France,65,1233,4,1891.28,3
2011-03-23,Portugal,16,125,1,247.60000000000002,4
2011-03-23,United Kingdom,728,11418,55,19796.16,2
2011-03-24,Australia,16,77,1,286.25,3
2011-03-24,Belgium,36,356,2,837.59,5
2011-03-24,EIRE,16,114,1,415.45,1
2011-03-24,Portugal,1,1,1,27.0,5
2011-03-24,Spain,34,512,1,1140.76,4
2011-03-24,Sweden,7,107,1,197.9,5
2011-03-24,United Kingdom,744,17073,61,33792.19,1
2011-03-25,EIRE,43,533,1,750.37,4
2011-03-25,France,23,264,1,357.90999999999997,5
2011-03-25,Germany,67,1134,3,2651.34,4
2011-03-25,Netherlands,21,835,2,1563.51,2
2011-03-25,Spain,34,346,1,628.15,2
2011-03-25,Switzerland,13,227,1,490.78000000000003,5
2011-03-25,United Kingdom,729,10757,47,24952.15,4
2011-03-27,France,8,61,1,164.05,1
2011-03-27,United Kingdom,497,4469,31,9077.3,5
2011-03-28,EIRE,39,745,1,539.0,2
2011-03-28,France,69,848,1,1136.3,2
2011-03-28,Germany,50,850,3,1089.54,5
2011-03-28,Italy,13,164,2,325.5,4
2011-03-28,Portugal,25,217,1,400.53999999999996,2
2011-03-28,Spain,5,550,1,817.5,4
2011-03-28,United Kingdom,835,8889,52,18868.34,2
2011-03-29,EIRE,27,334,1,523.15,2
2011-03-29,Netherlands,103,12186,2,18247.5,3
2011-03-29,United Kingdom,944,20283,59,51941.27,2
2011-03-30,Finland,10,346,1,558.4,1
2011-03-30,Germany,7,174,1,418.70000000000005,5
2011-03-30,Netherlands,16,1208,1,1807.04,5
2011-03-30,Switzerland,41,445,1,940.1700000000001,4
2011-03-30,United Kingdom,847,18536,71,28160.97,2
2011-03-31,EIRE,9,45,1,168.4,1
2011-03-31,France,71,3349,3,5593.59,4
2011-03-31,Germany,8,93,2,316.98,3
2011-03-31,Portugal,16,174,1,415.52000000000004,4
2011-03-31,United Kingdom,840,13225,59,27841.41,4
2011-04-01,Australia,1,1,1,350.0,2
2011-04-01,EIRE,67,713,1,1407.19,3
2011-04-01,France,12,328,2,390.75,4
2011-04-01,Germany,10,115,1,348.68,1
2011-04-01,Israel,6,30,1,110.0,1
2011-04-01,United Kingdom,693,17307,69,23060.89,5
2011-04-03,United Kingdom,523,5679,20,6943.15,3
2011-04-04,EIRE,29,1239,2,2448.12,3
2011-04-04,France,27,298,2,719.55,5
2011-04-04,Germany,28,390,2,674.29,4
2011-04-04,Singapore,1,5,2,6090.84,3
2011-04-04,United Kingdom,882,12081,51,23321.44,1
2011-04-05,Finland,5,269,1,367.0,1
2011-04-05,France,1,1,1,1136.3,2
2011-04-05,Japan,32,1626,1,3599.38,3
2011-04-05,Netherlands,15,1336,2,2284.2,4
2011-04-05,Poland,25,432,1,705.8399999999999,5
2011-04-05,Singapore,52,1384,1,2118.74,5
2011-04-05,United Kingdom,660,10947,45,19933.31,4
2011-04-06,EIRE,65,655,1,955.99,2
2011-04-06,United Kingdom,674,8515,39,16406.37,5
2011-04-07,Belgium,18,248,1,255.36,3
2011-04-07,EIRE,33,390,2,583.41,2
2011-04-07,France,24,239,1,366.2,3
2011-04-07,Germany,24,238,1,415.7,1
2011-04-07,Iceland,24,483,1,636.25,2
2011-04-07,Italy,14,445,1,482.78999999999996,5
2011-04-07,United Kingdom,774,8502,57,15773.18,2
2011-04-08,Australia,17,224,1,421.6,2
2011-04-08,Germany,69,845,2,1672.01,2
2011-04-08,Greece,31,262,1,609.74,2
2011-04-08,Portugal,21,370,1,481.46000000000004,3
2011-04-08,United Kingdom,771,11313,66,22110.83,1
2011-04-10,Belgium,26,190,1,476.49,4
2011-04-10,United Kingdom,615,5442,31,9437.49,2
2011-04-11,EIRE,61,590,2,998.53,5
2011-04-11,Finland,21,237,1,373.72,2
2011-04-11,Germany,41,464,2,630.3199999999999,5
2011-04-11,Spain,15,156,1,269.95,3
2011-04-11,United Kingdom,691,11911,57,19781.65,5
2011-04-11,Unspecified,16,282,1,299.1,4
2011-04-12,Belgium,20,189,1,350.57,1
2011-04-12,Hong Kong,32,732,1,1539.64,5
2011-04-12,United Kingdom,613,14420,60,23680.09,5
2011-04-13,Channel Islands,9,97,1,293.0,1
2011-04-13,Portugal,56,581,1,1206.29,4
2011-04-13,United Kingdom,625,18091,58,22985.13,2
2011-04-14,France,31,287,1,669.2,5
2011-04-14,Germany,98,1208,6,3440.31,1
2011-04-14,Switzerland,22,196,1,669.25,3
2011-04-14,United Kingdom,707,17186,78,31325.31,1
2011-04-15,Belgium,11,77,1,142.16,3
2011-04-15,Brazil,32,356,1,1143.6,4
2011-04-15,Finland,10,159,1,306.2,2
2011-04-15,Sweden,22,201,1,486.1,1
2011-04-15,Switzerland,2,101,1,219.0,5
2011-04-15,United Kingdom,692,11835,51,26037.061,4
2011-04-17,EIRE,25,151,1,446.74,1
2011-04-17,France,31,402,2,630.22,5
2011-04-17,United Kingdom,595,7630,39,11648.54,1
2011-04-18,Belgium,12,204,1,269.66,3
2011-04-18,Germany,1,1,1,222.75,1
2011-04-18,Japan,14,6432,1,2949.12,1
2011-04-18,United Kingdom,1266,23207,66,52584.65,1
2011-04-19,EIRE,21,234,1,367.62,4
2011-04-19,Germany,74,1503,3,2614.6,1
2011-04-19,Italy,8,208,1,255.04000000000002,5
2011-04-19,USA,22,137,1,383.95,3
2011-04-19,United Kingdom,940,12400,53,20717.49,3
2011-04-20,France,18,200,1,541.2,1
2011-04-20,Germany,14,232,1,417.6,4
2011-04-20,Switzerland,1,100,1,179.0,4
2011-04-20,United Kingdom,575,17844,60,27532.67,5
2011-04-21,Finland,4,153,1,642.0,1
2011-04-21,France,45,301,2,706.55,3
2011-04-21,Germany,22,215,2,382.6,4
2011-04-21,Spain,58,530,1,1079.4,1
2011-04-21,Switzerland,54,489,1,1009.69,4
2011-04-21,United Kingdom,905,16528,70,28795.39,4
2011-04-26,Austria,24,311,2,680.78,3
2011-04-26,European Community,11,34,1,191.4,2
2011-04-26,France,26,84,1,160.54000000000002,5
2011-04-26,United Kingdom,901,15726,67,30014.71,5
2011-04-27,EIRE,5,163,1,362.9,3
2011-04-27,Germany,34,468,1,1209.8,4
2011-04-27,Sweden,12,109,1,323.0,1
2011-04-27,United Kingdom,763,17509,62,24046.74,4
2011-04-28,Belgium,29,275,1,495.24,3
2011-04-28,France,8,147,1,209.10000000000002,5
2011-04-28,Germany,8,85,1,286.88,4
2011-04-28,Netherlands,9,432,1,692.36,5
2011-04-28,Spain,23,267,1,436.3,1
2011-04-28,United Kingdom,674,12206,54,20381.670000000002,5
2011-05-01,Germany,33,647,1,1094.33,5
2011-05-01,United Kingdom,335,3172,17,5879.33,2
2011-05-03,EIRE,68,532,2,1164.21,2
2011-05-03,France,47,1046,6,1823.34,2
2011-05-03,United Kingdom,711,10888,58,32241.86,5
2011-05-04,Canada,1,504,1,534.24,3
2011-05-04,Germany,33,506,4,822.74,5
2011-05-04,Spain,41,747,1,1380.11,3
2011-05-04,United Kingdom,667,15628,59,24807.06,3
2011-05-05,Belgium,11,72,1,149.97,2
2011-05-05,EIRE,22,193,1,366.86,4
2011-05-05,France,11,100,1,236.0,1
2011-05-05,Germany,9,69,2,440.38,2
2011-05-05,Poland,11,116,1,154.8,2
2011-05-05,Switzerland,94,1771,1,2388.31,4
2011-05-05,United Kingdom,856,15158,82,25437.97,1
2011-05-06,Austria,6,42,1,165.85,5
2011-05-06,Belgium,21,182,1,381.08,5
2011-05-06,EIRE,20,1694,1,3869.18,2
2011-05-06,Germany,9,224,1,246.07999999999998,1
2011-05-06,Spain,15,88,1,522.6,2
2011-05-06,United Kingdom,1003,17717,77,30941.56,3
2011-05-08,EIRE,49,446,1,862.53,2
2011-05-08,France,62,779,1,1092.43,2
2011-05-08,United Kingdom,687,9477,61,16912.44,5
2011-05-09,Bahrain,13,240,1,459.4,5
2011-05-09,France,26,497,2,554.9,5
2011-05-09,Germany,33,380,1,667.11,3
2011-05-09,Switzerland,15,114,1,315.3,5
2011-05-09,United Kingdom,844,12126,66,25903.0,1
2011-05-10,Belgium,22,494,1,480.90000000000003,4
2011-05-10,EIRE,37,349,3,810.45,1
2011-05-10,France,30,460,1,489.1,1
2011-05-10,Germany,24,313,2,797.05,5
2011-05-10,United Kingdom,886,17532,88,44389.8,4
2011-05-10,Unspecified,47,654,1,852.68,4
2011-05-11,Denmark,19,368,1,515.7,4
2011-05-11,France,93,1593,2,3018.73,3
2011-05-11,Germany,17,204,1,375.0,5
2011-05-11,Netherlands,8,279,2,824.4,4
2011-05-11,Sweden,1,2,1,8.5,3
2011-05-11,United Kingdom,784,16467,73,28944.92,2
2011-05-12,Australia,23,184,1,475.16,2
2011-05-12,Belgium,13,83,1,181.82,3
2011-05-12,France,12,106,1,296.53,3
2011-05-12,Germany,140,5825,6,12165.25,5
2011-05-12,Netherlands,106,13262,3,16478.46,5
2011-05-12,Portugal,75,312,2,1160.5500000000002,2
2011-05-12,Sweden,16,2794,1,2557.88,4
2011-05-12,United Kingdom,843,15263,71,28587.44,2
2011-05-13,France,50,505,3,1000.51,4
2011-05-13,Germany,18,324,2,881.1999999999999,4
2011-05-13,Hong Kong,93,1262,1,1966.16,5
2011-05-13,Japan,12,743,1,1351.45,1
2011-05-13,United Kingdom,700,12412,66,25550.63,1
2011-05-15,EIRE,18,139,1,603.78,3
2011-05-15,France,10,141,1,151.4,5
2011-05-15,United Kingdom,562,4618,29,9169.1,4
2011-05-16,EIRE,125,2274,4,4615.36,1
2011-05-16,France,23,283,3,756.62,4
2011-05-16,United Kingdom,743,13462,61,34279.3,1
2011-05-17,Australia,73,8268,1,11924.800000000001,1
2011-05-17,Belgium,18,168,1,297.38,1
2011-05-17,Channel Islands,1,1,1,293.0,5
2011-05-17,EIRE,46,428,1,1216.12,2
2011-05-17,France,45,479,1,793.62,4
2011-05-17,Germany,38,530,1,760.28,5
2011-05-17,United Kingdom,825,16936,76,39866.79,5
2011-05-18,EIRE,60,636,1,1414.36,5
2011-05-18,France,26,334,3,869.53,5
2011-05-18,Netherlands,5,412,1,732.4,5
2011-05-18,Sweden,2,37,1,115.60000000000001,3
2011-05-18,United Kingdom,686,17640,67,31351.55,4
2011-05-19,Bahrain,4,20,1,89.0,5
2011-05-19,Channel Islands,33,223,1,914.24,4
2011-05-19,EIRE,46,397,2,1203.8,3
2011-05-19,France,48,562,2,914.51,3
2011-05-19,Germany,89,1270,6,2081.12,4
2011-05-19,United Kingdom,795,15523,86,30193.49,1
2011-05-19,Unspecified,11,149,1,203.19,2
2011-05-20,Australia,3,316,1,766.3599999999999,1
2011-05-20,EIRE,23,226,1,380.32,1
2011-05-20,France,14,473,1,1118.3999999999999,1
2011-05-20,Netherlands,13,128,1,294.72,5
2011-05-20,United Kingdom,590,14271,67,24158.37,3
2011-05-22,France,41,298,2,910.71,1
2011-05-22,Germany,95,968,2,1703.81,3
2011-05-22,United Kingdom,809,11483,57,21616.57,4
2011-05-23,Australia,17,231,1,472.09,2
2011-05-23,Austria,45,434,1,1083.58,4
2011-05-23,Belgium,27,179,3,514.8199999999999,4
2011-05-23,EIRE,52,401,1,1007.75,5
2011-05-23,France,20,306,1,421.96,2
2011-05-23,Germany,41,451,4,1021.65,4
2011-05-23,Portugal,1,3,3,3041.6800000000003,4
2011-05-23,United Kingdom,759,16218,54,27122.07,2
2011-05-24,France,13,210,1,393.34,2
2011-05-24,Germany,15,121,1,293.25,4
2011-05-24,United Kingdom,908,15606,66,36973.45,2
2011-05-25,France,55,742,3,1280.82,4
2011-05-25,Netherlands,1,960,1,1392.0,4
2011-05-25,Poland,55,500,2,1367.57,5
2011-05-25,United Kingdom,653,10967,59,20367.73,1
2011-05-26,EIRE,27,313,3,494.04,4
2011-05-26,France,25,514,2,630.5,3
2011-05-26,Germany,47,533,5,1027.53,1
2011-05-26,Netherlands,50,4664,1,8980.88,1
2011-05-26,Spain,2,25,1,48.4,1
2011-05-26,United Kingdom,495,10215,52,22315.68,5
2011-05-27,Belgium,34,651,1,726.43,4
2011-05-27,France,21,157,1,403.09000000000003,5
2011-05-27,Germany,38,342,1,716.73,4
2011-05-27,United Kingdom,613,15070,61,26595.78,5
2011-05-29,Germany,30,258,1,582.73,5
2011-05-29,United Kingdom,425,3866,23,6811.57,3
2011-05-31,France,18,203,1,458.84,5
2011-05-31,Germany,4,32,1,74.96,2
2011-05-31,Italy,23,267,1,587.45,3
2011-05-31,Netherlands,28,231,2,483.02000000000004,5
2011-05-31,Spain,47,608,1,1306.49,1
2011-05-31,Switzerland,42,364,1,906.4,2
2011-05-31,United Kingdom,678,10058,47,18896.9,2
2011-06-01,Belgium,5,57,1,84.92,2
2011-06-01,Germany,34,557,1,672.1899999999999,3
2011-06-01,Netherlands,23,2874,2,5422.8,5
2011-06-01,United Kingdom,805,7502,38,14415.78,5
2011-06-02,Germany,160,1073,2,1992.21,1
2011-06-02,Sweden,5,54,1,121.55,1
2011-06-02,United Kingdom,785,13470,49,30712.38,2
2011-06-03,Cyprus,47,356,1,1109.32,1
2011-06-03,Germany,4,23,1,68.1,3
2011-06-03,Netherlands,15,329,1,419.8,5
2011-06-03,Poland,1,4,1,25.0,2
2011-06-03,Spain,13,107,1,264.4,1
2011-06-03,United Kingdom,523,6871,39,15026.63,3
2011-06-05,Belgium,70,524,2,1296.1200000000001,3
2011-06-05,European Community,19,127,1,387.05,1
2011-06-05,France,66,1909,3,3442.5099999999998,5
2011-06-05,Germany,51,529,2,1002.63,1
2011-06-05,United Kingdom,666,10412,59,19511.23,2
2011-06-06,EIRE,45,404,1,958.12,1
2011-06-06,European Community,1,3,1,45.0,3
2011-06-06,France,18,115,1,371.45,1
2011-06-06,Germany,27,295,1,512.8,5
2011-06-06,Netherlands,25,314,1,427.58,4
2011-06-06,Spain,23,173,1,357.99,1
2011-06-06,United Kingdom,673,8158,51,15116.13,5
2011-06-07,Belgium,36,293,1,607.5500000000001,5
2011-06-07,EIRE,13,192,1,254.31,3
2011-06-07,Italy,9,31,1,159.11,5
2011-06-07,Portugal,14,146,1,243.2,5
2011-06-07,United Kingdom,973,18106,74,36693.55,5
2011-06-08,Belgium,5,20,1,99.45,5
2011-06-08,EIRE,65,2582,2,3351.32,2
2011-06-08,France,59,1344,4,1598.08,2
2011-06-08,Malta,44,378,1,833.16,3
2011-06-08,Portugal,9,55,1,151.95000000000002,1
2011-06-08,Switzerland,16,245,1,612.68,5
2011-06-08,United Kingdom,953,16660,89,36617.69,1
2011-06-09,Belgium,5,145,1,130.08,1
2011-06-09,Denmark,48,793,1,1621.25,3
2011-06-09,EIRE,47,507,2,984.27,5
2011-06-09,France,55,787,2,1030.59,5
2011-06-09,Germany,11,117,2,475.14,4
2011-06-09,Iceland,18,196,1,382.52,1
2011-06-09,Italy,1,24,1,42.96,1
2011-06-09,Netherlands,5,85,1,84.0,2
2011-06-09,Spain,48,445,1,912.66,4
2011-06-09,Sweden,11,188,1,319.95,2
2011-06-09,United Kingdom,897,25019,72,40405.68,2
2011-06-10,France,3,164,1,480.0,2
2011-06-10,Germany,9,92,1,627.4,3
2011-06-10,Switzerland,64,3142,1,6207.08,3
2011-06-10,United Kingdom,611,7271,47,54919.96,2
2011-06-12,France,14,716,1,360.18,4
2011-06-12,Germany,13,345,1,583.2,1
2011-06-12,United Kingdom,641,8430,37,11573.68,4
2011-06-13,EIRE,42,427,1,821.32,5
2011-06-13,France,88,904,3,2399.62,3
2011-06-13,Germany,94,1309,3,2557.64,1
2011-06-13,United Kingdom,751,8662,52,16678.63,1
2011-06-14,United Kingdom,876,14624,57,40474.01,5
2011-06-15,Australia,139,15241,2,23426.81,5
2011-06-15,EIRE,31,3026,2,4483.58,2
2011-06-15,France,73,1007,5,1856.11,3
2011-06-15,Portugal,25,220,1,489.31,3
2011-06-15,United Kingdom,810,10971,49,18842.18,4
2011-06-16,EIRE,33,268,1,1012.86,2
2011-06-16,France,28,270,1,510.27,2
2011-06-16,Germany,12,471,2,683.35,2
2011-06-16,Poland,15,77,1,318.65000000000003,2
2011-06-16,Spain,61,424,1,1137.99,3
2011-06-16,United Kingdom,802,18783,77,30921.56,3
2011-06-17,Belgium,48,598,2,992.02,2
2011-06-17,Channel Islands,81,836,1,2060.0299999999997,4
2011-06-17,EIRE,33,356,1,626.13,1
2011-06-17,France,22,514,1,1359.58,1
2011-06-17,United Kingdom,490,9453,47,16038.41,4
2011-06-19,EIRE,14,84,1,303.3,2
2011-06-19,France,7,63,1,125.46000000000001,3
2011-06-19,Netherlands,52,4718,1,5683.0599999999995,1
2011-06-19,Spain,30,340,3,564.97,5
2011-06-19,United Kingdom,684,9876,54,15765.39,5
2011-06-20,Canada,57,1092,1,1171.46,4
2011-06-20,Denmark,29,393,1,1125.4,2
2011-06-20,EIRE,1,2,1,3133.12,1
2011-06-20,France,21,262,2,734.5600000000001,2
2011-06-20,Germany,83,1357,1,1965.74,1
2011-06-20,Netherlands,59,61,1,154.67000000000002,4
2011-06-20,Norway,74,1426,2,3316.6600000000003,4
2011-06-20,United Kingdom,900,11936,64,25727.59,5
2011-06-20,Unspecified,9,78,1,185.78,2
2011-06-21,EIRE,3,49,1,147.39999999999998,5
2011-06-21,France,12,351,1,257.3,2
2011-06-21,Germany,24,272,1,427.76,5
2011-06-21,Netherlands,39,353,1,637.72,3
2011-06-21,Norway,90,582,1,1870.2,3
2011-06-21,United Kingdom,766,12588,50,21443.99,3
2011-06-22,Belgium,20,211,1,459.84,3
2011-06-22,EIRE,43,590,2,1019.1999999999999,1
2011-06-22,France,32,658,2,852.44,3
2011-06-22,Hong Kong,16,537,1,633.96,4
2011-06-22,Japan,6,2256,1,1607.04,4
2011-06-22,Malta,1,24,1,30.0,1
2011-06-22,Norway,1,1,1,700.0,3
2011-06-22,United Kingdom,597,11563,51,16523.51,3
2011-06-23,Belgium,26,294,1,440.94,3
2011-06-23,Denmark,28,358,1,514.5,5
2011-06-23,EIRE,20,188,2,372.3,2
2011-06-23,Finland,13,157,1,329.56,5
2011-06-23,Germany,16,145,1,276.93,2
2011-06-23,Sweden,19,162,1,390.5,3
2011-06-23,United Kingdom,931,13424,65,22918.09,3
2011-06-24,EIRE,71,877,4,2084.71,5
2011-06-24,France,31,413,1,634.74,5
2011-06-24,Germany,9,73,1,185.64000000000001,2
2011-06-24,Switzerland,18,175,1,417.36,4
2011-06-24,United Kingdom,597,8447,44,16199.51,2
2011-06-26,Germany,1,15,1,44.25,5
2011-06-26,Spain,5,49,1,95.19999999999999,5
2011-06-26,Switzerland,27,408,1,667.03,1
2011-06-26,United Kingdom,513,3314,23,6276.01,5
2011-06-27,EIRE,42,393,2,816.32,1
2011-06-27,France,10,119,1,201.24,4
2011-06-27,United Kingdom,696,9398,42,15998.2,2
2011-06-28,France,8,109,1,134.28,2
2011-06-28,Netherlands,99,11010,3,14028.46,1
2011-06-28,United Kingdom,567,10733,51,21444.58,2
2011-06-29,EIRE,78,2566,3,3738.9900000000002,5
2011-06-29,United Kingdom,946,9505,39,18349.329999999998,3
2011-06-30,Australia,30,740,2,1760.96,1
2011-06-30,Belgium,10,103,1,163.9,2
2011-06-30,EIRE,30,394,1,756.36,1
2011-06-30,Germany,59,797,3,1199.12,1
2011-06-30,United Kingdom,892,19925,63,40916.97,3
2011-07-01,EIRE,54,798,3,1794.18,5
2011-07-01,France,25,364,2,451.86,1
2011-07-01,Germany,4,61,1,71.4,2
2011-07-01,Switzerland,13,152,1,360.8,4
2011-07-01,United Kingdom,544,6287,42,10996.82,1
2011-07-03,United Kingdom,421,3117,25,6032.39,1
2011-07-04,EIRE,56,537,3,1170.8,3
2011-07-04,France,16,259,1,474.36,5
2011-07-04,Germany,61,865,3,1418.1,4
2011-07-04,Spain,15,1506,1,4146.34,2
2011-07-04,United Kingdom,1071,12545,44,37443.23,4
2011-07-05,EIRE,7,21,1,205.60000000000002,2
2011-07-05,Finland,20,228,1,632.44,5
2011-07-05,France,32,321,1,662.35,2
2011-07-05,United Kingdom,1126,21525,70,39258.04,3
2011-07-06,Belgium,33,522,1,719.06,3
2011-07-06,France,60,597,1,1056.62,3
2011-07-06,Spain,13,167,2,230.5,3
2011-07-06,Sweden,20,3242,1,2825.1,4
2011-07-06,United Kingdom,970,14648,65,21556.26,5
2011-07-07,Belgium,19,144,1,303.76,2
2011-07-07,Germany,46,589,3,1224.86,2
2011-07-07,Spain,26,227,2,463.37,3
2011-07-07,United Kingdom,1023,18197,70,30453.72,3
2011-07-08,France,63,662,3,1193.25,1
2011-07-08,Germany,60,559,2,1001.69,5
2011-07-08,Switzerland,34,282,1,626.88,4
2011-07-08,United Kingdom,799,10754,58,23633.35,2
2011-07-08,Unspecified,70,463,1,626.93,1
2011-07-10,United Kingdom,601,4255,24,5993.87,1
2011-07-11,Canada,77,1026,1,1217.64,2
2011-07-11,France,31,290,2,611.08,4
2011-07-11,Greece,24,244,1,421.24,1
2011-07-11,Spain,60,166,1,312.9,1
2011-07-11,United Kingdom,847,13424,47,20042.16,5
2011-07-12,Austria,12,100,1,484.86,4
2011-07-12,France,67,616,4,1223.85,1
2011-07-12,Germany,35,569,3,558.96,4
2011-07-12,United Kingdom,927,12673,45,23994.88,2
2011-07-13,Australia,23,4332,2,2796.36,3
2011-07-13,Belgium,2,13,1,45.599999999999994,1
2011-07-13,France,10,667,1,915.46,5
2011-07-13,Germany,12,94,1,281.71,2
2011-07-13,Poland,16,148,1,239.2,4
2011-07-13,Portugal,56,979,2,1452.2,2
2011-07-13,United Kingdom,905,10067,51,16911.41,1
2011-07-14,Australia,35,429,1,902.09,4
2011-07-14,EIRE,74,866,2,1802.07,3
2011-07-14,Finland,54,857,1,1710.39,2
2011-07-14,Germany,28,1081,2,1563.28,1
2011-07-14,Israel,27,633,1,1430.75,5
2011-07-14,United Kingdom,863,13444,63,25941.5,4
2011-07-14,Unspecified,15,271,1,252.05,2
2011-07-15,Canada,1,1,1,550.94,2
2011-07-15,Germany,40,416,2,1337.1100000000001,3
2011-07-15,Poland,16,140,1,448.1,3
2011-07-15,United Kingdom,813,6773,38,12500.28,5
2011-07-17,France,6,47,1,150.1,5
2011-07-17,Germany,9,107,1,345.23,1
2011-07-17,Switzerland,48,213,1,235.96,1
2011-07-17,United Kingdom,732,10677,48,16463.27,5
2011-07-18,EIRE,83,1353,2,1077.53,5
2011-07-18,France,42,921,2,1866.08,4
2011-07-18,Singapore,75,2160,1,3949.32,3
2011-07-18,United Kingdom,1090,10675,60,31938.68,1
2011-07-19,Australia,77,271,2,641.6700000000001,3
2011-07-19,EIRE,143,7241,4,13584.64,3
2011-07-19,Finland,9,188,1,653.9,5
2011-07-19,France,5,33,1,99.6,4
2011-07-19,Germany,142,1422,5,2447.9,2
2011-07-19,United Kingdom,706,20022,54,32755.12,4
2011-07-20,Germany,53,463,2,947.97,4
2011-07-20,Netherlands,10,10,1,26.02,3
2011-07-20,Portugal,28,457,1,835.65,4
2011-07-20,Spain,4,59,1,301.52,1
2011-07-20,United Kingdom,1025,16748,53,31197.08,3
2011-07-21,EIRE,39,645,3,1338.29,1
2011-07-21,European Community,29,335,1,676.8,2
2011-07-21,Germany,65,826,2,1905.63,3
2011-07-21,United Kingdom,797,18173,70,28897.82,2
2011-07-22,Germany,40,426,1,768.02,3
2011-07-22,Norway,49,586,1,890.0699999999999,5
2011-07-22,United Kingdom,849,9266,41,18466.77,4
2011-07-24,Australia,20,214,1,505.46,5
2011-07-24,France,24,236,1,412.93,2
2011-07-24,Germany,43,472,1,612.1,4
2011-07-24,Japan,2,120,1,174.0,3
2011-07-24,United Kingdom,624,16628,54,25394.97,4
2011-07-25,Denmark,17,241,1,376.24,1
2011-07-25,Germany,62,742,2,1131.18,4
2011-07-25,Spain,47,649,1,1358.3899999999999,1
2011-07-25,Switzerland,12,411,1,856.0,4
2011-07-25,United Kingdom,980,14057,54,23165.34,1
2011-07-26,Australia,1,72,1,118.8,2
2011-07-26,EIRE,7,252,1,396.77,5
2011-07-26,Italy,6,22,1,147.1,3
2011-07-26,Switzerland,22,142,1,593.74,4
2011-07-26,United Kingdom,741,13227,49,20387.851,5
2011-07-27,Belgium,70,704,1,1214.81,3
2011-07-27,EIRE,24,657,2,764.51,3
2011-07-27,France,13,148,1,204.75,1
2011-07-27,Germany,9,227,1,440.7,2
2011-07-27,Japan,37,2208,1,3680.4,2
2011-07-27,United Kingdom,687,10030,42,19297.76,5
2011-07-28,Austria,43,473,1,707.09,2
2011-07-28,Belgium,4,296,1,192.34,4
2011-07-28,EIRE,61,2799,3,5406.15,2
2011-07-28,Germany,17,177,1,385.14,5
2011-07-28,Spain,7,664,1,811.9,2
2011-07-28,United Kingdom,742,25544,71,48220.69,4
2011-07-28,Unspecified,114,319,2,546.43,1
2011-07-29,EIRE,24,286,1,728.94,5
2011-07-29,France,45,503,1,677.9,1
2011-07-29,United Kingdom,650,10824,62,17383.56,1
2011-07-31,EIRE,98,6656,2,14520.369999999999,1
2011-07-31,Sweden,30,2764,2,3976.99,3
2011-07-31,Switzerland,45,628,1,1325.23,3
2011-07-31,United Kingdom,721,10830,37,13668.02,1
2011-08-01,Channel Islands,13,172,1,759.56,5
2011-08-01,Germany,63,651,1,1089.18,4
2011-08-01,United Kingdom,726,10898,38,19540.18,4
2011-08-02,Belgium,39,267,1,777.95,2
2011-08-02,France,5,52,1,85.8,5
2011-08-02,Germany,67,726,3,1135.27,3
2011-08-02,Iceland,22,277,1,584.9100000000001,1
2011-08-02,Switzerland,219,2529,1,4008.62,2
2011-08-02,United Kingdom,687,11870,37,19988.05,4
2011-08-03,France,8,699,1,1202.22,3
2011-08-03,Germany,13,187,1,221.04,3
2011-08-03,Poland,15,137,1,275.88,1
2011-08-03,United Kingdom,844,15498,61,26414.0,4
2011-08-04,Belgium,21,190,1,355.56,5
2011-08-04,EIRE,31,2270,1,4345.1,3
2011-08-04,Finland,17,145,1,360.81,1
2011-08-04,France,34,281,1,511.03,5
2011-08-04,Germany,50,590,2,1287.98,4
2011-08-04,Italy,1,1,1,12.75,3
2011-08-04,Spain,35,185,2,867.43,5
2011-08-04,Sweden,2,960,1,612.0,5
2011-08-04,United Kingdom,832,36526,72,57149.55,5
2011-08-05,EIRE,143,744,1,1572.73,3
2011-08-05,France,34,486,2,830.3000000000001,3
2011-08-05,Germany,53,555,2,1079.55,2
2011-08-05,Italy,54,457,1,946.75,4
2011-08-05,United Kingdom,724,10576,49,17109.25,1
2011-08-07,Germany,6,60,1,107.4,5
2011-08-07,United Kingdom,398,5126,29,7471.51,2
2011-08-08,Austria,58,550,1,981.38,1
2011-08-08,EIRE,58,603,1,829.96,2
2011-08-08,Germany,19,273,1,416.65,3
2011-08-08,Sweden,6,85,2,249.10000000000002,5
2011-08-08,United Kingdom,772,11837,35,20900.56,1
2011-08-09,Germany,5,35,1,102.98,1
2011-08-09,Netherlands,106,8182,2,12498.71,1
2011-08-09,United Kingdom,609,8044,39,15077.75,1
2011-08-10,Denmark,16,338,1,213.15,1
2011-08-10,EIRE,21,391,1,1253.05,2
2011-08-10,France,14,197,1,248.35,5
2011-08-10,Italy,22,521,1,721.95,3
2011-08-10,Norway,15,68,1,757.0699999999999,3
2011-08-10,Switzerland,14,62,1,292.69,3
2011-08-10,United Kingdom,796,12846,43,25306.08,3
2011-08-11,Belgium,30,340,1,469.25,2
2011-08-11,EIRE,34,1187,2,1672.4,4
2011-08-11,Finland,24,385,1,605.14,5
2011-08-11,Netherlands,119,14730,1,19150.66,1
2011-08-11,United Kingdom,990,22612,64,50536.34,4
2011-08-12,Australia,10,374,1,608.76,3
2011-08-12,Belgium,12,175,1,209.62,4
2011-08-12,EIRE,68,1045,2,2165.63,5
2011-08-12,France,25,180,1,412.88,1
2011-08-12,Netherlands,7,992,1,825.6,1
2011-08-12,Norway,62,568,1,1268.74,5
2011-08-12,United Kingdom,647,8644,44,26740.12,5
2011-08-14,France,2,3,1,46.65,3
2011-08-14,United Kingdom,379,3177,24,5671.92,1
2011-08-15,EIRE,31,580,1,467.42,4
2011-08-15,France,37,607,1,1161.07,2
2011-08-15,Germany,11,462,1,378.12,2
2011-08-15,Malta,45,303,1,905.5,5
2011-08-15,Portugal,41,1026,1,1221.4,3
2011-08-15,United Kingdom,539,7203,43,13110.46,2
2011-08-16,Germany,5,22,1,115.30000000000001,1
2011-08-16,Spain,46,82,2,200.24,5
2011-08-16,Sweden,10,72,1,185.9,4
2011-08-16,United Kingdom,640,11021,49,18738.22,5
2011-08-17,EIRE,69,843,3,2198.04,4
2011-08-17,France,29,400,1,580.08,5
2011-08-17,Germany,38,372,2,748.06,5
2011-08-17,Spain,11,158,1,231.76,5
2011-08-17,United Kingdom,877,23930,47,49742.020000000004,4
2011-08-18,Australia,97,12196,1,21880.44,4
2011-08-18,EIRE,7,38,1,131.85,5
2011-08-18,France,43,463,2,764.79,2
2011-08-18,Israel,171,3028,1,4873.8099999999995,3
2011-08-18,United Kingdom,700,18364,64,26456.04,3
2011-08-19,Austria,30,240,1,534.7,3
2011-08-19,Belgium,40,590,2,789.87,4
2011-08-19,EIRE,49,644,1,989.49,4
2011-08-19,France,35,462,1,612.29,2
2011-08-19,Germany,31,325,3,882.63,3
2011-08-19,Switzerland,34,407,1,668.58,3
2011-08-19,United Kingdom,431,8004,47,12872.03,5
2011-08-21,Channel Islands,4,800,1,1432.0,4
2011-08-21,EIRE,16,148,1,458.9,3
2011-08-21,France,28,270,2,528.77,2
2011-08-21,Germany,18,187,1,324.83,2
2011-08-21,Spain,2,3,1,13.25,3
2011-08-21,United Kingdom,630,6761,33,11819.11,4
2011-08-22,Germany,75,1063,3,2269.37,2
2011-08-22,Malta,10,79,1,213.5,5
2011-08-22,United Kingdom,693,14229,59,26637.56,2
2011-08-22,Unspecified,23,185,2,531.03,1
2011-08-23,Channel Islands,114,1037,3,2705.22,1
2011-08-23,EIRE,39,735,2,817.02,4
2011-08-23,France,42,460,2,947.36,3
2011-08-23,Germany,31,365,2,487.17,4
2011-08-23,Hong Kong,49,736,2,2813.9500000000003,4
2011-08-23,Netherlands,2,288,1,424.8,4
2011-08-23,United Kingdom,700,11560,52,17798.16,4
2011-08-24,France,23,246,2,428.91,5
2011-08-24,Germany,72,1333,7,1709.43,5
2011-08-24,Spain,18,317,1,509.34000000000003,2
2011-08-24,United Kingdom,917,27605,66,46387.68,1
2011-08-25,Belgium,38,358,2,752.79,4
2011-08-25,Canada,5,52,1,51.559999999999995,2
2011-08-25,France,111,1314,4,2169.21,1
2011-08-25,Germany,14,399,2,620.15,3
2011-08-25,Italy,18,168,1,309.5,5
2011-08-25,Sweden,20,197,1,353.86,1
2011-08-25,United Kingdom,668,10852,63,19570.39,3
2011-08-26,EIRE,69,849,2,1452.16,1
2011-08-26,Finland,20,163,1,410.55,5
2011-08-26,France,48,694,1,1130.95,5
2011-08-26,Germany,28,260,2,405.13,2
2011-08-26,Netherlands,42,5108,2,7428.04,4
2011-08-26,United Kingdom,492,10076,39,14799.61,1
2011-08-28,Spain,117,800,1,1246.49,1
2011-08-28,United Kingdom,662,5974,36,9558.54,3
2011-08-30,Germany,21,133,1,403.83,5
2011-08-30,Poland,2,49,1,125.92,1
2011-08-30,United Kingdom,1300,10062,39,31336.56,5
2011-08-31,Belgium,12,149,1,198.98,1
2011-08-31,France,28,1144,4,2150.3,2
2011-08-31,Germany,137,1643,2,5436.7,4
2011-08-31,Spain,16,55,2,278.4,1
2011-08-31,United Kingdom,687,9463,38,17315.79,5
2011-09-01,Australia,9,2836,2,2941.7200000000003,2
2011-09-01,EIRE,21,2184,2,3880.56,1
2011-09-01,Norway,16,211,1,509.01,3
2011-09-01,United Arab Emirates,37,485,1,975.54,4
2011-09-01,United Kingdom,744,22141,70,29063.32,1
2011-09-02,Belgium,17,310,1,642.28,2
2011-09-02,EIRE,25,163,1,749.13,3
2011-09-02,Finland,11,87,1,230.3,2
2011-09-02,France,36,427,3,942.76,2
2011-09-02,Germany,26,314,1,465.68,3
2011-09-02,Portugal,20,227,1,317.0,2
2011-09-02,Sweden,14,163,1,309.45,3
2011-09-02,United Kingdom,1064,16535,64,38378.57,1
2011-09-02,Unspecified,60,258,1,286.85,3
2011-09-04,EIRE,6,1272,1,629.04,3
2011-09-04,France,50,509,1,891.8199999999999,4
2011-09-04,Germany,119,1608,5,2390.71,3
2011-09-04,United Kingdom,734,7574,43,13208.02,3
2011-09-05,Australia,8,82,1,147.7,1
2011-09-05,EIRE,55,5491,3,8488.86,4
2011-09-05,France,27,334,2,995.0,5
2011-09-05,Poland,30,253,2,529.25,1
2011-09-05,Spain,39,234,1,1092.35,1
2011-09-05,United Kingdom,808,16499,59,25903.98,5
2011-09-06,EIRE,63,1285,2,4234.1900000000005,3
2011-09-06,Germany,52,676,4,1002.44,2
2011-09-06,Switzerland,1,5,1,200.0,4
2011-09-06,United Kingdom,655,13124,57,22913.28,2
2011-09-07,EIRE,175,1877,4,3415.29,5
2011-09-07,France,114,1637,3,2889.7599999999998,1
2011-09-07,United Kingdom,994,12876,45,28108.48,1
2011-09-08,EIRE,96,950,2,2091.06,4
2011-09-08,France,84,860,2,1461.49,1
2011-09-08,Germany,35,666,3,1253.38,1
2011-09-08,Netherlands,52,1013,2,1946.68,4
2011-09-08,Spain,23,243,1,459.99,4
2011-09-08,United Kingdom,839,13734,66,19983.2,5
2011-09-09,Belgium,45,372,1,1087.7,1
2011-09-09,France,95,1116,3,2074.8,1
2011-09-09,Israel,26,233,1,423.73,5
2011-09-09,Netherlands,8,145,1,186.56,3
2011-09-09,Norway,81,1849,1,2608.11,3
2011-09-09,United Kingdom,809,13690,55,23694.72,3
2011-09-11,France,7,43,1,112.38,5
2011-09-11,Germany,88,1052,3,1653.89,1
2011-09-11,United Kingdom,985,20051,71,33745.4,5
2011-09-12,United Kingdom,901,16939,68,29738.33,5
2011-09-13,Finland,4,73,1,319.6,3
2011-09-13,France,2,73,1,94.32000000000001,2
2011-09-13,Germany,7,213,1,199.8,1
2011-09-13,Netherlands,57,4951,1,8281.12,3
2011-09-13,Sweden,17,4072,1,4114.08,2
2011-09-13,United Kingdom,1081,27166,62,42108.13,2
2011-09-14,EIRE,50,734,1,781.11,4
2011-09-14,France,21,438,1,357.32,1
2011-09-14,Germany,19,265,1,351.65,2
2011-09-14,Japan,4,144,1,112.07999999999998,3
2011-09-14,Switzerland,34,376,1,743.28,4
2011-09-14,United Kingdom,780,12234,63,21247.54,1
2011-09-15,EIRE,24,311,2,693.53,5
2011-09-15,France,48,1231,3,2686.16,3
2011-09-15,Norway,20,178,1,562.54,2
2011-09-15,Switzerland,1,4,1,160.0,2
2011-09-15,United Kingdom,989,27585,76,74116.72,3
2011-09-16,Australia,34,317,1,519.89,2
2011-09-16,Germany,35,483,3,1257.0,4
2011-09-16,United Kingdom,775,14252,46,25947.33,1
2011-09-18,United Kingdom,829,8994,27,15745.73,4
2011-09-19,Belgium,20,196,1,392.40000000000003,2
2011-09-19,Channel Islands,48,583,1,1062.1,5
2011-09-19,Cyprus,1,33,1,196.35,1
2011-09-19,EIRE,24,166,1,648.48,1
2011-09-19,France,96,847,4,2035.05,3
2011-09-19,Germany,39,1659,4,2172.4900000000002,3
2011-09-19,Hong Kong,1,1,1,2653.95,5
2011-09-19,Netherlands,103,10649,2,15618.28,1
2011-09-19,Norway,53,2262,1,4366.78,5
2011-09-19,Spain,36,565,1,971.65,3
2011-09-19,United Kingdom,607,12306,54,19152.35,3
2011-09-20,EIRE,101,957,2,1798.39,1
2011-09-20,France,24,306,1,377.66,4
2011-09-20,Germany,9,104,1,138.48,2
2011-09-20,Italy,15,48,1,279.8,3
2011-09-20,Norway,18,103,1,366.25,3
2011-09-20,United Kingdom,840,42208,64,106651.45,4
2011-09-21,Belgium,32,353,1,549.84,4
2011-09-21,Denmark,17,1176,1,3850.9,5
2011-09-21,EIRE,11,94,1,381.22,5
2011-09-21,France,55,821,4,1083.76,2
2011-09-21,Germany,59,772,2,1049.04,2
2011-09-21,Spain,57,569,1,964.83,1
2011-09-21,Switzerland,1,1,1,4.95,5
2011-09-21,United Kingdom,1281,18544,64,40676.14,3
2011-09-22,Belgium,29,471,2,705.8100000000001,5
2011-09-22,EIRE,72,808,3,1254.42,3
2011-09-22,Finland,15,138,1,245.55,4
2011-09-22,France,71,1204,4,1679.7,5
2011-09-22,Germany,25,333,3,708.23,4
2011-09-22,Netherlands,21,551,1,904.62,2
2011-09-22,Portugal,36,496,1,777.2,2
2011-09-22,Switzerland,44,2408,1,4860.64,1
2011-09-22,United Arab Emirates,1,1,1,37.5,5
2011-09-22,United Kingdom,1112,26801,95,48181.12,4
2011-09-23,EIRE,184,1959,2,3502.9,3
2011-09-23,France,38,479,1,790.54,2
2011-09-23,Germany,88,1712,4,2569.5,2
2011-09-23,Spain,51,572,2,1037.68,3
2011-09-23,United Kingdom,1142,17164,55,32701.13,4
2011-09-25,Australia,22,478,1,825.9200000000001,4
2011-09-25,Finland,3,217,1,310.0,5
2011-09-25,France,35,281,2,775.99,5
2011-09-25,Portugal,18,176,1,339.02,1
2011-09-25,Spain,16,177,1,372.24,2
2011-09-25,United Kingdom,939,18175,69,28749.491,5
2011-09-26,Channel Islands,17,181,1,261.65,4
2011-09-26,Denmark,16,230,1,336.14,3
2011-09-26,EIRE,56,480,2,1156.14,4
2011-09-26,Germany,19,262,1,704.0400000000001,2
2011-09-26,United Kingdom,855,14170,61,26877.201,4
2011-09-27,EIRE,17,202,1,776.3000000000001,1
2011-09-27,France,10,65,1,189.2,2
2011-09-27,Germany,23,210,1,417.2,3
2011-09-27,Spain,19,323,1,290.5,1
2011-09-27,United Kingdom,985,20459,76,34649.75,2
2011-09-28,Australia,26,366,3,671.5,3
2011-09-28,Belgium,40,267,1,829.99,1
2011-09-28,EIRE,116,1028,5,2350.39,1
2011-09-28,France,29,268,1,644.75,2
2011-09-28,Germany,20,165,1,367.37,5
2011-09-28,Norway,14,52,1,266.25,1
2011-09-28,Switzerland,92,1225,1,1810.51,1
2011-09-28,United Kingdom,1185,22188,72,36808.3,3
2011-09-29,Denmark,13,202,1,383.12,4
2011-09-29,France,72,992,4,1395.68,2
2011-09-29,Germany,41,485,2,1108.38,2
2011-09-29,Switzerland,19,236,1,505.48,5
2011-09-29,United Kingdom,1105,25558,97,43008.79,5
2011-09-30,EIRE,49,3125,3,6255.54,2
2011-09-30,France,52,1071,3,1949.8999999999999,5
2011-09-30,Germany,17,177,1,281.94,3
2011-09-30,Sweden,7,109,1,151.68,2
2011-09-30,United Kingdom,931,18073,66,35718.0,5
2011-10-02,United Kingdom,862,8385,35,11634.53,2
2011-10-03,France,66,158,1,358.4,4
2011-10-03,United Kingdom,1077,25827,67,66018.42,1
2011-10-04,Belgium,17,118,1,346.68,2
2011-10-04,Cyprus,1,33,1,196.35,1
2011-10-04,Finland,2,73,1,310.0,5
2011-10-04,France,15,115,2,357.3,1
2011-10-04,Israel,31,99,2,138.03,2
2011-10-04,United Kingdom,1173,24960,74,47462.29,4
2011-10-05,Australia,81,7135,2,16471.77,5
2011-10-05,Channel Islands,81,1095,3,1761.0,2
2011-10-05,France,135,1242,4,2059.2,5
2011-10-05,Germany,92,2151,4,4178.92,3
2011-10-05,Netherlands,4,4,1,91.85,1
2011-10-05,Switzerland,100,1650,1,2539.56,3
2011-10-05,United Kingdom,959,33009,81,48491.33,2
2011-10-06,Australia,29,266,2,678.76,4
2011-10-06,EIRE,24,229,1,421.3,5
2011-10-06,France,8,29,1,157.0,1
2011-10-06,Germany,166,2475,8,3954.53,5
2011-10-06,Netherlands,22,357,3,841.55,2
2011-10-06,Portugal,172,1123,2,1730.77,5
2011-10-06,United Kingdom,1158,30954,105,55107.28,1
2011-10-07,Cyprus,29,345,1,600.39,2
2011-10-07,Czech Republic,10,325,1,277.48,5
2011-10-07,Denmark,6,637,1,891.4,4
2011-10-07,EIRE,51,448,1,904.14,2
2011-10-07,France,36,527,2,675.36,2
2011-10-07,Germany,86,2053,5,2866.85,4
2011-10-07,Netherlands,11,212,1,171.93,3
2011-10-07,Spain,22,227,1,422.8,1
2011-10-07,United Kingdom,987,26194,75,46980.35,3
2011-10-09,United Kingdom,798,7556,39,12524.4,5
2011-10-10,Belgium,17,196,1,332.68,4
2011-10-10,EIRE,81,1018,3,3201.28,3
2011-10-10,France,23,221,2,426.58,2
2011-10-10,Germany,15,114,1,282.58,5
2011-10-10,USA,101,1228,1,1579.51,5
2011-10-10,United Kingdom,1271,23408,92,42416.55,3
2011-10-11,Belgium,15,162,1,355.8,3
2011-10-11,Denmark,12,136,1,171.66,4
2011-10-11,EIRE,85,2206,3,1575.79,1
2011-10-11,France,259,2801,1,4279.71,3
2011-10-11,Germany,48,567,2,962.99,3
2011-10-11,Norway,1,1,1,6.0,2
2011-10-11,Portugal,55,556,1,892.47,5
2011-10-11,Switzerland,62,582,1,1527.96,1
2011-10-11,United Kingdom,1025,21478,71,42800.56,2
2011-10-12,EIRE,101,1041,5,2212.56,4
2011-10-12,Finland,35,469,2,954.9300000000001,4
2011-10-12,France,45,656,5,1360.29,3
2011-10-12,Germany,58,773,4,1232.91,3
2011-10-12,Norway,17,86,2,883.51,4
2011-10-12,Switzerland,21,337,1,676.37,3
2011-10-12,United Kingdom,974,14324,69,24838.71,1
2011-10-13,Belgium,51,1290,1,1491.59,3
2011-10-13,Cyprus,100,657,1,2876.85,5
2011-10-13,Finland,31,236,1,640.5,3
2011-10-13,France,12,124,1,331.72,2
2011-10-13,Germany,89,954,2,2129.11,1
2011-10-13,Italy,14,60,1,318.06,2
2011-10-13,Portugal,61,884,1,1319.01,2
2011-10-13,RSA,57,351,1,1002.3100000000001,5
2011-10-13,United Kingdom,1040,14215,68,27337.03,1
2011-10-14,Belgium,23,229,1,450.86,1
2011-10-14,Channel Islands,21,312,2,862.3199999999999,1
2011-10-14,EIRE,19,353,1,406.84,1
2011-10-14,France,28,234,1,513.6,1
2011-10-14,Germany,51,496,3,2541.78,5
2011-10-14,Portugal,34,215,1,642.01,3
2011-10-14,Singapore,32,599,1,999.26,2
2011-10-14,Spain,15,1006,1,3528.34,1
2011-10-14,Sweden,1,1,1,15.0,3
2011-10-14,United Kingdom,923,14715,62,26387.63,3
2011-10-16,United Kingdom,800,8770,35,22010.96,2
2011-10-17,Belgium,22,199,1,358.99,5
2011-10-17,EIRE,132,2621,7,5449.12,4
2011-10-17,Germany,183,2798,4,3512.87,4
2011-10-17,Portugal,26,367,3,1165.45,3
2011-10-17,Sweden,30,5952,1,5296.96,2
2011-10-17,United Kingdom,1226,19467,73,36278.81,4
2011-10-18,Austria,54,491,1,1043.78,3
2011-10-18,EIRE,49,625,2,1512.17,5
2011-10-18,Germany,58,725,3,1315.27,4
2011-10-18,Hong Kong,27,236,1,423.42,3
2011-10-18,Italy,65,846,1,1193.32,3
2011-10-18,Netherlands,29,272,1,448.92,1
2011-10-18,Spain,41,724,1,1019.47,5
2011-10-18,United Kingdom,1158,25401,74,38375.81,1
2011-10-19,Cyprus,28,380,1,739.28,2
2011-10-19,EIRE,58,711,1,1588.75,1
2011-10-19,France,34,733,2,2792.96,1
2011-10-19,Germany,122,1923,5,2618.61,4
2011-10-19,Portugal,2,5,1,149.75,3
2011-10-19,Singapore,1,2,1,6068.0599999999995,5
2011-10-19,Spain,12,318,1,348.32,1
2011-10-19,United Kingdom,1105,15187,73,28267.63,5
2011-10-20,EIRE,125,4953,2,3621.35,1
2011-10-20,France,39,530,1,1056.9,2
2011-10-20,Germany,59,711,3,1118.05,1
2011-10-20,Netherlands,145,18140,3,25833.56,4
2011-10-20,Spain,54,192,1,290.81,3
2011-10-20,United Kingdom,985,16393,79,29202.23,2
2011-10-21,Belgium,13,179,1,300.76,1
2011-10-21,Denmark,5,96,1,427.7,5
2011-10-21,EIRE,53,901,2,1680.03,2
2011-10-21,Germany,21,270,2,1347.05,2
2011-10-21,Netherlands,37,2476,3,3325.62,1
2011-10-21,USA,24,489,1,731.6899999999999,2
2011-10-21,United Kingdom,737,20381,54,55413.79,5
2011-10-23,United Kingdom,969,7073,42,12339.16,2
2011-10-24,EIRE,16,221,1,646.02,5
2011-10-24,Italy,24,289,1,722.4000000000001,1
2011-10-24,Spain,24,158,1,401.3,3
2011-10-24,United Kingdom,1314,25522,75,46983.19,2
2011-10-25,Germany,34,428,2,1097.16,3
2011-10-25,Italy,24,251,1,435.09,5
2011-10-25,Portugal,39,136,1,307.21,2
2011-10-25,Switzerland,85,1394,1,1635.6599999999999,4
2011-10-25,United Kingdom,1083,24745,72,37839.52,3
2011-10-26,Belgium,33,213,1,786.95,2
2011-10-26,Germany,6,24,2,119.74,3
2011-10-26,Japan,16,1124,2,1948.0400000000002,2
2011-10-26,Spain,22,243,1,449.45,1
2011-10-26,Switzerland,39,569,2,1275.64,3
2011-10-26,United Kingdom,1007,18648,87,33479.61,4
2011-10-27,Finland,35,284,1,701.79,4
2011-10-27,France,47,566,6,9425.91,5
2011-10-27,Germany,22,247,2,485.64,2
2011-10-27,Italy,1,4,1,160.0,3
2011-10-27,Netherlands,28,5769,3,9995.220000000001,5
2011-10-27,Norway,69,1231,2,1755.06,3
2011-10-27,United Kingdom,1079,24799,91,34768.1,2
2011-10-28,Belgium,27,168,1,499.15999999999997,4
2011-10-28,France,63,5246,3,8990.46,1
2011-10-28,Germany,48,536,2,1088.83,4
2011-10-28,Hong Kong,7,146,1,311.1,5
2011-10-28,Norway,32,374,2,1042.66,1
2011-10-28,Switzerland,56,334,2,409.99,5
2011-10-28,United Kingdom,780,17261,67,28223.5,2
2011-10-30,Belgium,22,268,1,299.06,1
2011-10-30,EIRE,21,185,1,501.65999999999997,5
2011-10-30,France,15,209,1,214.74,2
2011-10-30,Italy,12,62,1,343.0,4
2011-10-30,Spain,116,1484,1,2176.45,2
2011-10-30,Sweden,16,198,1,454.2,3
2011-10-30,United Kingdom,1146,17662,90,30582.12,2
2011-10-31,Belgium,24,148,1,462.85,2
2011-10-31,EIRE,37,392,1,596.9100000000001,3
2011-10-31,Finland,10,53,1,214.89999999999998,5
2011-10-31,France,26,416,2,485.32,5
2011-10-31,Germany,41,495,4,785.53,2
2011-10-31,Iceland,47,676,1,1294.32,3
2011-10-31,Italy,19,85,1,317.82,3
2011-10-31,United Kingdom,1563,19299,61,53211.5,4
2011-11-01,EIRE,90,894,2,2047.05,5
2011-11-01,France,66,1032,3,1854.81,1
2011-11-01,Italy,1,3,1,120.0,5
2011-11-01,United Kingdom,841,14664,71,25133.29,5
2011-11-02,Australia,1,216,1,624.24,4
2011-11-02,France,22,291,1,633.44,1
2011-11-02,Germany,11,64,1,171.23000000000002,4
2011-11-02,Italy,1,48,1,85.92,1
2011-11-02,Netherlands,70,2732,3,4486.91,2
2011-11-02,Poland,45,639,1,981.95,1
2011-11-02,United Kingdom,1197,24577,77,38904.65,4
2011-11-03,Australia,4,192,1,375.24,5
2011-11-03,France,72,1037,3,1653.98,1
2011-11-03,Germany,33,417,2,817.97,1
2011-11-03,Norway,15,127,1,311.73,3
2011-11-03,Portugal,12,80,1,202.3,5
2011-11-03,Spain,19,136,1,372.7,2
2011-11-03,United Kingdom,1165,32398,94,59827.57,4
2011-11-04,Australia,1,336,1,601.44,2
2011-11-04,Belgium,71,769,2,1673.03,5
2011-11-04,Finland,13,326,2,1321.28,1
2011-11-04,France,75,338,2,461.91,1
2011-11-04,Poland,26,302,1,379.28,5
2011-11-04,Spain,55,327,1,738.57,1
2011-11-04,United Kingdom,1192,32938,85,57801.85,1
2011-11-06,Channel Islands,64,638,2,1303.14,1
2011-11-06,Germany,36,887,3,1184.05,4
2011-11-06,Norway,16,146,1,419.06,4
2011-11-06,Sweden,39,577,1,671.69,3
2011-11-06,Switzerland,131,2708,1,6207.67,2
2011-11-06,United Kingdom,1220,18353,94,33160.73,5
2011-11-07,Belgium,23,365,1,754.5,5
2011-11-07,EIRE,32,768,4,1157.33,5
2011-11-07,France,31,292,1,288.67,3
2011-11-07,Germany,25,277,2,548.85,4
2011-11-07,Portugal,13,89,1,222.26000000000002,3
2011-11-07,Spain,1,5,1,140.0,5
2011-11-07,United Kingdom,1012,29584,83,82770.2,2
2011-11-08,Belgium,27,246,2,506.55,1
2011-11-08,France,58,870,2,1388.77,4
2011-11-08,Spain,24,239,1,573.71,4
2011-11-08,United Kingdom,1464,25099,103,55231.21,3
2011-11-09,EIRE,21,580,1,826.04,4
2011-11-09,France,53,499,2,1068.82,5
2011-11-09,Germany,6,87,1,449.4,5
2011-11-09,United Kingdom,1227,37103,115,63783.31,3
2011-11-10,EIRE,48,496,1,1003.03,5
2011-11-10,France,132,1347,7,2128.03,2
2011-11-10,Germany,17,165,4,1341.6000000000001,3
2011-11-10,Netherlands,64,7786,3,9823.12,2
2011-11-10,Spain,45,452,2,808.99,1
2011-11-10,United Kingdom,1227,27946,112,55903.49,2
2011-11-11,EIRE,78,1252,3,2506.77,1
2011-11-11,France,106,1836,6,2358.91,1
2011-11-11,Germany,157,1598,7,3028.82,2
2011-11-11,Portugal,7,166,1,305.3,3
2011-11-11,Sweden,12,149,1,223.68,5
2011-11-11,Switzerland,13,64,1,292.58,5
2011-11-11,United Kingdom,1481,23997,86,46541.11,1
2011-11-13,Austria,37,375,1,586.85,1
2011-11-13,EIRE,126,2643,4,4454.44,3
2011-11-13,France,17,69,1,123.08,4
2011-11-13,United Kingdom,1217,17753,81,28905.55,2
2011-11-14,Austria,33,342,1,742.9300000000001,1
2011-11-14,EIRE,23,206,1,348.21000000000004,5
2011-11-14,Finland,15,150,1,408.34000000000003,3
2011-11-14,France,68,894,3,1666.42,2
2011-11-14,Germany,21,239,2,598.38,3
2011-11-14,Hong Kong,1,1,1,326.1,2
2011-11-14,Portugal,22,225,2,511.09,2
2011-11-14,Sweden,11,1060,1,1238.48,1
2011-11-14,United Kingdom,1389,44236,95,108579.94,3
2011-11-15,Australia,26,3130,2,5355.4,3
2011-11-15,EIRE,66,1206,5,2246.31,5
2011-11-15,France,37,481,2,809.22,5
2011-11-15,Germany,47,596,2,893.41,1
2011-11-15,Sweden,8,67,1,181.66,1
2011-11-15,United Kingdom,1438,24903,96,51321.29,4
2011-11-16,EIRE,45,3082,3,4906.29,5
2011-11-16,France,24,687,2,1575.28,2
2011-11-16,Germany,117,2185,10,3612.12,3
2011-11-16,Netherlands,3,147,1,232.5,1
2011-11-16,United Kingdom,1495,26812,113,55298.78,3
2011-11-16,Unspecified,19,188,1,333.2,3
2011-11-17,Belgium,61,534,2,1492.31,4
2011-11-17,Channel Islands,9,78,1,211.63,5
2011-11-17,Denmark,56,1025,1,1794.05,1
2011-11-17,EIRE,77,631,2,1602.42,3
2011-11-17,Finland,8,183,2,234.32999999999998,1
2011-11-17,France,133,1611,4,3264.02,2
2011-11-17,Germany,94,1373,5,3720.96,4
2011-11-17,Italy,9,169,1,248.2,2
2011-11-17,Japan,31,2210,1,4808.48,1
2011-11-17,Malta,12,186,1,743.43,1
2011-11-17,Portugal,2,5,1,58.349999999999994,5
2011-11-17,Spain,47,508,2,1184.06,3
2011-11-17,United Kingdom,1343,23238,114,41740.89,3
2011-11-18,Belgium,17,315,1,1040.39,2
2011-11-18,Cyprus,92,300,1,460.89,4
2011-11-18,EIRE,44,296,1,785.5600000000001,3
2011-11-18,France,41,550,3,1072.68,5
2011-11-18,Germany,16,493,4,1135.37,2
2011-11-18,Italy,54,544,2,1363.16,2
2011-11-18,Netherlands,2,34,1,166.0,5
2011-11-18,Norway,34,240,1,936.64,4
2011-11-18,Switzerland,44,669,1,925.64,5
2011-11-18,United Kingdom,1154,20555,93,43389.06,4
2011-11-20,Belgium,15,125,1,265.83,5
2011-11-20,EIRE,41,440,1,917.54,5
2011-11-20,France,39,298,2,838.71,1
2011-11-20,Germany,12,53,1,219.0,2
2011-11-20,Netherlands,8,155,1,158.24,5
2011-11-20,Spain,37,477,2,1094.23,5
2011-11-20,United Kingdom,1257,17868,92,31565.02,3
2011-11-21,EIRE,51,626,2,900.6,2
2011-11-21,France,16,271,1,397.72,3
2011-11-21,Germany,39,323,2,718.7,2
2011-11-21,Italy,73,631,1,1757.55,3
2011-11-21,Portugal,14,68,1,430.48,5
2011-11-21,Spain,22,249,1,427.48,5
2011-11-21,United Kingdom,1199,23610,92,45173.19,1
2011-11-22,Belgium,21,185,1,301.25,3
2011-11-22,EIRE,86,1485,3,2055.2,4
2011-11-22,France,37,361,2,943.63,1
2011-11-22,Germany,58,562,2,1055.37,3
2011-11-22,Italy,23,142,2,611.19,3
2011-11-22,Netherlands,18,514,2,809.6,1
2011-11-22,Sweden,6,120,1,406.72,5
2011-11-22,United Kingdom,1467,32117,122,57906.86,3
2011-11-23,EIRE,8,60,1,177.33,5
2011-11-23,Finland,2,73,1,310.0,1
2011-11-23,France,26,219,2,348.38,5
2011-11-23,Germany,42,574,3,712.01,2
2011-11-23,Italy,13,526,1,385.06,4
2011-11-23,Netherlands,54,7244,3,10078.64,3
2011-11-23,Spain,4,920,1,2990.0,4
2011-11-23,Switzerland,21,185,2,430.57,5
2011-11-23,United Kingdom,1383,29619,117,64672.19,3
2011-11-24,Australia,8,224,1,286.4,5
2011-11-24,EIRE,10,143,1,207.14000000000001,2
2011-11-24,France,133,959,2,2241.87,1
2011-11-24,Germany,120,1930,8,4244.42,3
2011-11-24,Portugal,63,458,2,859.12,2
2011-11-24,Spain,9,77,1,178.48,2
2011-11-24,United Kingdom,1427,22263,97,42328.65,3
2011-11-24,Unspecified,34,453,1,632.55,5
2011-11-25,EIRE,6,92,1,293.78999999999996,2
2011-11-25,France,50,828,3,1260.31,4
2011-11-25,Germany,17,45,1,125.22,2
2011-11-25,Norway,49,594,1,2016.78,5
2011-11-25,United Kingdom,1345,17438,77,47126.63,5
2011-11-27,EIRE,22,225,1,829.91,4
2011-11-27,United Kingdom,1118,10947,56,19781.170000000002,2
2011-11-28,EIRE,99,945,2,1878.83,5
2011-11-28,France,21,907,3,1227.3400000000001,3
2011-11-28,Germany,67,685,2,1409.88,1
2011-11-28,United Kingdom,1394,26929,108,52649.14,1
2011-11-29,Belgium,5,21,1,281.9,1
2011-11-29,Finland,6,91,1,227.20000000000002,2
2011-11-29,France,34,645,2,1339.12,4
2011-11-29,Germany,47,639,4,1358.86,5
2011-11-29,Japan,1,2040,1,3651.6,3
2011-11-29,Spain,31,117,1,170.74,3
2011-11-29,Switzerland,15,151,1,262.5,2
2011-11-29,United Kingdom,1538,27200,124,65304.01,1
2011-11-30,Denmark,27,512,1,905.52,2
2011-11-30,EIRE,53,587,3,1594.64,4
2011-11-30,Finland,29,264,1,569.09,4
2011-11-30,France,124,1567,5,2813.59,5
2011-11-30,Germany,15,261,2,679.4,5
2011-11-30,Netherlands,4,51,1,119.0,4
2011-11-30,Norway,68,2299,1,2843.29,4
2011-11-30,Portugal,1,2,1,56.0,4
2011-11-30,United Kingdom,1319,22845,93,50546.43,2
2011-12-01,EIRE,46,565,3,1038.92,4
2011-12-01,Finland,4,218,1,890.0,3
2011-12-01,France,30,492,2,931.39,1
2011-12-01,Germany,33,247,2,695.87,4
2011-12-01,United Kingdom,1227,25529,113,48641.07,1
2011-12-02,Belgium,27,502,1,310.32,2
2011-12-02,Finland,8,132,2,342.76,1
2011-12-02,France,61,800,3,1579.25,2
2011-12-02,Germany,4,9,1,67.0,3
2011-12-02,Portugal,48,1032,1,1436.93,2
2011-12-02,USA,11,196,1,269.96,2
2011-12-02,United Kingdom,1268,26126,111,53657.85,5
2011-12-04,EIRE,30,534,1,773.54,4
2011-12-04,France,52,542,3,1031.89,4
2011-12-04,Germany,48,504,3,1179.8700000000001,3
2011-12-04,United Kingdom,996,10830,59,21636.13,3
2011-12-05,Channel Islands,5,60,1,198.4,4
2011-12-05,Denmark,11,173,1,168.9,5
2011-12-05,EIRE,17,219,2,587.4,4
2011-12-05,France,34,477,2,797.48,5
2011-12-05,Germany,16,154,2,284.25,3
2011-12-05,Norway,7,92,1,147.01,1
2011-12-05,Portugal,14,128,1,252.25,3
2011-12-05,Sweden,1,40,1,238.0,3
2011-12-05,USA,21,408,1,615.28,2
2011-12-05,United Kingdom,1740,42827,115,85452.99,2
2011-12-06,Belgium,49,396,2,898.77,2
2011-12-06,France,75,787,4,1403.94,2
2011-12-06,Greece,36,236,1,680.99,5
2011-12-06,Italy,8,45,1,200.45000000000002,4
2011-12-06,Portugal,22,267,1,718.4300000000001,1
2011-12-06,Spain,12,182,1,172.06,3
2011-12-06,United Kingdom,1388,28555,105,52638.57,5
2011-12-07,EIRE,161,1998,3,3856.89,1
2011-12-07,France,37,561,2,1117.6200000000001,5
2011-12-07,Germany,65,1220,4,2879.2599999999998,5
2011-12-07,Iceland,11,192,1,224.82,3
2011-12-07,Netherlands,83,7818,2,11477.42,4
2011-12-07,Portugal,17,142,1,400.58,2
2011-12-07,Spain,53,92,1,144.15,4
2011-12-07,United Kingdom,994,29857,92,55338.42,3
2011-12-08,Austria,7,148,1,683.2,3
2011-12-08,EIRE,72,806,1,1084.14,3
2011-12-08,France,3,21,1,165.9,1
2011-12-08,Germany,57,992,1,1188.2,4
2011-12-08,Netherlands,1,140,1,250.6,4
2011-12-08,United Kingdom,1639,32978,115,79122.96,5
2011-12-09,Belgium,17,203,1,208.64000000000001,5
2011-12-09,France,15,105,1,249.45,5
2011-12-09,Germany,71,880,4,1689.72,3
2011-12-09,Norway,66,2227,2,2638.69,4
2011-12-09,United Kingdom,1029,90564,36,196134.1,3
